{
    "total_runtime": 28.806105613708496,
    "num_documents": 2,
    "input_load_time": 0,
    "workflows": {
        "create_base_text_units": {
            "overall": 0.24903535842895508,
            "0_orderby": 0.0010004043579101562,
            "1_zip": 0.0,
            "2_aggregate_override": 0.002517223358154297,
            "3_chunk": 0.23499774932861328,
            "4_select": 0.0009999275207519531,
            "5_unroll": 0.0009999275207519531,
            "6_rename": 0.0009999275207519531,
            "7_genid": 0.0,
            "8_unzip": 0.0,
            "9_copy": 0.0009965896606445312,
            "10_filter": 0.005519866943359375
        },
        "create_base_extracted_entities": {
            "overall": 0.8425102233886719,
            "0_entity_extract": 0.8324570655822754,
            "1_merge_graphs": 0.010053157806396484
        },
        "create_summarized_entities": {
            "overall": 2.1469106674194336,
            "0_summarize_descriptions": 2.145911455154419
        },
        "create_base_entity_graph": {
            "overall": 0.020586490631103516,
            "0_cluster_graph": 0.01958608627319336,
            "1_select": 0.0010004043579101562
        },
        "create_final_entities": {
            "overall": 3.0683531761169434,
            "0_unpack_graph": 0.00716400146484375,
            "1_rename": 0.001004934310913086,
            "2_select": 0.0,
            "3_dedupe": 0.001001596450805664,
            "4_rename": 0.0010001659393310547,
            "5_filter": 0.0019996166229248047,
            "6_text_split": 0.0009996891021728516,
            "7_drop": 0.0,
            "8_merge": 0.00551605224609375,
            "9_text_embed": 3.0456621646881104,
            "10_drop": 0.0010275840759277344,
            "11_filter": 0.0029773712158203125
        },
        "create_final_nodes": {
            "overall": 0.057575225830078125,
            "0_layout_graph": 0.026529312133789062,
            "1_unpack_graph": 0.00758671760559082,
            "2_unpack_graph": 0.007923364639282227,
            "3_drop": 0.0009996891021728516,
            "4_filter": 0.0035936832427978516,
            "5_select": 0.0009176731109619141,
            "6_rename": 0.0,
            "7_join": 0.0065097808837890625,
            "8_convert": 0.002515077590942383,
            "9_rename": 0.0009999275207519531
        },
        "create_final_communities": {
            "overall": 0.03451704978942871,
            "0_unpack_graph": 0.0039997100830078125,
            "1_unpack_graph": 0.004506587982177734,
            "2_aggregate_override": 0.0019998550415039062,
            "3_join": 0.003999471664428711,
            "4_join": 0.0035066604614257812,
            "5_concat": 0.0009999275207519531,
            "6_filter": 0.0049991607666015625,
            "7_aggregate_override": 0.0025026798248291016,
            "8_join": 0.0030035972595214844,
            "9_filter": 0.0029997825622558594,
            "10_fill": 0.0,
            "11_merge": 0.0009996891021728516,
            "12_copy": 0.0009999275207519531,
            "13_select": 0.0
        },
        "join_text_units_to_entity_ids": {
            "overall": 0.004000663757324219,
            "0_select": 0.0010004043579101562,
            "1_unroll": 0.0010001659393310547,
            "2_aggregate_override": 0.002000093460083008
        },
        "create_final_relationships": {
            "overall": 0.014530658721923828,
            "0_unpack_graph": 0.005007028579711914,
            "1_filter": 0.0019996166229248047,
            "2_rename": 0.0,
            "3_filter": 0.0025277137756347656,
            "4_drop": 0.0009999275207519531,
            "5_compute_edge_combined_degree": 0.0020003318786621094,
            "6_convert": 0.0009992122650146484,
            "7_convert": 0.0009968280792236328
        },
        "join_text_units_to_relationship_ids": {
            "overall": 0.003999948501586914,
            "0_select": 0.0,
            "1_unroll": 0.0009996891021728516,
            "2_aggregate_override": 0.0030002593994140625,
            "3_select": 0.0
        },
        "create_final_community_reports": {
            "overall": 19.40618109703064,
            "0_prepare_community_reports_nodes": 0.0019996166229248047,
            "1_prepare_community_reports_edges": 0.0015566349029541016,
            "2_restore_community_hierarchy": 0.003947734832763672,
            "3_prepare_community_reports": 0.040326833724975586,
            "4_create_community_reports": 19.356343030929565,
            "5_window": 0.0010073184967041016
        },
        "create_final_text_units": {
            "overall": 0.010519027709960938,
            "0_select": 0.001003265380859375,
            "1_rename": 0.0,
            "2_join": 0.003516674041748047,
            "3_join": 0.0039997100830078125,
            "4_aggregate_override": 0.00099945068359375,
            "5_select": 0.0009999275207519531
        },
        "create_base_documents": {
            "overall": 0.012009382247924805,
            "0_unroll": 0.0025103092193603516,
            "1_select": 0.0,
            "2_rename": 0.0,
            "3_join": 0.0039975643157958984,
            "4_aggregate_override": 0.0009996891021728516,
            "5_join": 0.0029993057250976562,
            "6_rename": 0.0,
            "7_convert": 0.0015025138854980469
        },
        "create_final_documents": {
            "overall": 0.0009953975677490234,
            "0_rename": 0.0009953975677490234
        }
    }
}