{
    "total_runtime": 94.80482912063599,
    "num_documents": 2,
    "input_load_time": 0,
    "workflows": {
        "create_base_text_units": {
            "overall": 9.396035194396973,
            "0_orderby": 0.0,
            "1_zip": 0.01571178436279297,
            "2_aggregate_override": 0.003894805908203125,
            "3_chunk": 9.335337162017822,
            "4_select": 0.005604982376098633,
            "5_unroll": 0.007216930389404297,
            "6_rename": 0.004194498062133789,
            "7_genid": 0.005502462387084961,
            "8_unzip": 0.006265163421630859,
            "9_copy": 0.005171060562133789,
            "10_filter": 0.007136344909667969
        },
        "create_base_extracted_entities": {
            "overall": 36.48747992515564,
            "0_entity_extract": 36.45625281333923,
            "1_merge_graphs": 0.020145654678344727
        },
        "create_summarized_entities": {
            "overall": 3.956096649169922,
            "0_summarize_descriptions": 3.950566053390503
        },
        "create_base_entity_graph": {
            "overall": 0.04244279861450195,
            "0_cluster_graph": 0.023716449737548828,
            "1_select": 0.010114908218383789
        },
        "create_final_entities": {
            "overall": 4.065979957580566,
            "0_unpack_graph": 0.015158891677856445,
            "1_rename": 0.010083675384521484,
            "2_select": 0.01001119613647461,
            "3_dedupe": 0.0,
            "4_rename": 0.012151479721069336,
            "5_filter": 0.020170211791992188,
            "6_text_split": 0.010005712509155273,
            "7_drop": 0.0010445117950439453,
            "8_merge": 0.016025066375732422,
            "9_text_embed": 3.9360451698303223,
            "10_drop": 0.011095046997070312,
            "11_filter": 0.019177675247192383
        },
        "create_final_nodes": {
            "overall": 0.20644831657409668,
            "0_layout_graph": 0.030147314071655273,
            "1_unpack_graph": 0.02010035514831543,
            "2_unpack_graph": 0.020646333694458008,
            "3_filter": 0.020479917526245117,
            "4_drop": 0.01007986068725586,
            "5_select": 0.010006904602050781,
            "6_rename": 0.010042905807495117,
            "7_convert": 0.04052281379699707,
            "8_join": 0.024273395538330078,
            "9_rename": 0.016132116317749023
        },
        "create_final_communities": {
            "overall": 0.27315330505371094,
            "0_unpack_graph": 0.02530980110168457,
            "1_unpack_graph": 0.015131473541259766,
            "2_aggregate_override": 0.013188838958740234,
            "3_join": 0.013497114181518555,
            "4_join": 0.030337810516357422,
            "5_concat": 0.010009527206420898,
            "6_filter": 0.04694867134094238,
            "7_aggregate_override": 0.01610088348388672,
            "8_join": 0.016009092330932617,
            "9_filter": 0.025761842727661133,
            "10_fill": 0.014930963516235352,
            "11_merge": 0.012331724166870117,
            "12_copy": 0.011932849884033203,
            "13_select": 0.010638713836669922
        },
        "join_text_units_to_entity_ids": {
            "overall": 0.06136512756347656,
            "0_select": 0.011802911758422852,
            "1_unroll": 0.015210866928100586,
            "2_aggregate_override": 0.01418161392211914
        },
        "create_final_relationships": {
            "overall": 0.22237896919250488,
            "0_unpack_graph": 0.020086288452148438,
            "1_filter": 0.04361581802368164,
            "2_rename": 0.020195484161376953,
            "3_filter": 0.03177762031555176,
            "4_drop": 0.020127534866333008,
            "5_compute_edge_combined_degree": 0.027220964431762695,
            "6_convert": 0.030330657958984375,
            "7_convert": 0.013120651245117188
        },
        "join_text_units_to_relationship_ids": {
            "overall": 0.07127666473388672,
            "0_select": 0.014628887176513672,
            "1_unroll": 0.023752212524414062,
            "2_aggregate_override": 0.01003265380859375,
            "3_select": 0.010024547576904297
        },
        "create_final_community_reports": {
            "overall": 36.3544602394104,
            "0_prepare_community_reports_nodes": 0.020380496978759766,
            "1_prepare_community_reports_edges": 0.03284478187561035,
            "2_restore_community_hierarchy": 0.024146080017089844,
            "3_prepare_community_reports": 0.06301212310791016,
            "4_create_community_reports": 36.196977376937866,
            "5_window": 0.0025064945220947266
        },
        "create_final_text_units": {
            "overall": 0.15340089797973633,
            "0_select": 0.016275405883789062,
            "1_rename": 0.04650282859802246,
            "2_join": 0.025916337966918945,
            "3_join": 0.021163225173950195,
            "4_aggregate_override": 0.01703166961669922,
            "5_select": 0.01500391960144043
        },
        "create_base_documents": {
            "overall": 0.2539863586425781,
            "0_unroll": 0.020620107650756836,
            "1_select": 0.030402183532714844,
            "2_rename": 0.030225753784179688,
            "3_join": 0.030228376388549805,
            "4_aggregate_override": 0.020159482955932617,
            "5_join": 0.030546903610229492,
            "6_rename": 0.020193815231323242,
            "7_convert": 0.05609583854675293
        },
        "create_final_documents": {
            "overall": 0.03764462471008301,
            "0_rename": 0.019738197326660156
        }
    }
}