{
    "total_runtime": 7.397932052612305,
    "num_documents": 2,
    "input_load_time": 0,
    "workflows": {
        "create_base_text_units": {
            "overall": 0.22412848472595215,
            "0_orderby": 0.0,
            "1_zip": 0.00099945068359375,
            "2_aggregate_override": 0.003008127212524414,
            "3_chunk": 0.20757722854614258,
            "4_select": 0.0010151863098144531,
            "5_unroll": 0.0019991397857666016,
            "6_rename": 0.0009999275207519531,
            "7_genid": 0.0009922981262207031,
            "8_unzip": 0.0010073184967041016,
            "9_copy": 0.0,
            "10_filter": 0.00552821159362793
        },
        "create_base_extracted_entities": {
            "overall": 0.9569144248962402,
            "0_entity_extract": 0.9454076290130615,
            "1_merge_graphs": 0.010506153106689453
        },
        "create_summarized_entities": {
            "overall": 1.6590030193328857,
            "0_summarize_descriptions": 1.6590030193328857
        },
        "create_base_entity_graph": {
            "overall": 0.028682947158813477,
            "0_cluster_graph": 0.027683258056640625,
            "1_select": 0.0009996891021728516
        },
        "create_final_entities": {
            "overall": 3.305481195449829,
            "0_unpack_graph": 0.005529642105102539,
            "1_rename": 0.0009999275207519531,
            "2_select": 0.0,
            "3_dedupe": 0.0009996891021728516,
            "4_rename": 0.0,
            "5_filter": 0.0019996166229248047,
            "6_text_split": 0.0009999275207519531,
            "7_drop": 0.0,
            "8_merge": 0.004526376724243164,
            "9_text_embed": 3.2874176502227783,
            "10_drop": 0.001003265380859375,
            "11_filter": 0.0020051002502441406
        },
        "create_final_nodes": {
            "overall": 0.04915142059326172,
            "0_layout_graph": 0.019577741622924805,
            "1_unpack_graph": 0.0075244903564453125,
            "2_unpack_graph": 0.008527278900146484,
            "3_drop": 0.0,
            "4_filter": 0.003997087478637695,
            "5_select": 0.0009999275207519531,
            "6_rename": 0.0,
            "7_convert": 0.002611398696899414,
            "8_join": 0.005913496017456055,
            "9_rename": 0.0
        }
    }
}